[
  {
    "id": "PED001",
    "id_producto": "P001",
    "id_proveedor": "PRV001",
    "cantidad": 50,
    "fecha_pedido": "2024-03-15",
    "estado": "pendiente"
  },
  {
    "id": "PED002",
    "id_producto": "P002",
    "id_proveedor": "PRV002",
    "cantidad": 100,
    "fecha_pedido": "2024-03-16",
    "estado": "en proceso"
  },
  {
    "id": "PED003",
    "id_producto": "P003",
    "id_proveedor": "PRV003",
    "cantidad": 30,
    "fecha_pedido": "2024-03-17",
    "estado": "completado"
  },
  {
    "id": "PED004",
    "id_producto": "P004",
    "id_proveedor": "PRV004",
    "cantidad": 20,
    "fecha_pedido": "2024-03-18",
    "estado": "pendiente"
  },
  {
    "id": "PED005",
    "id_producto": "P005",
    "id_proveedor": "PRV002",
    "cantidad": 85,
    "fecha_pedido": "2024-03-19",
    "estado": "en proceso"
  },
  {
    "id": "PED1710916270839",
    "fecha_pedido": "2024-03-19",
    "estado": "en proceso"
  },
  {
    "id": "PED1710916519069",
    "fecha_pedido": "2024-03-19",
    "estado": "en proceso"
  },
  {
    "id": "PED1710940099946",
    "fecha_pedido": "2024-03-19",
    "estado": "en proceso"
  },
  {
    "id": "PED1710940113512",
    "fecha_pedido": "2024-03-19",
    "estado": "en proceso"
  },
  {
    "id": "PED1710940154537",
    "fecha_pedido": "2024-03-19",
    "estado": "en proceso"
  },
  {
    "id": "PED1710940393010",
    "fecha_pedido": "2024-03-19",
    "estado": "en proceso"
  },
  {
    "id": "PED1710940598981",
    "fecha_pedido": "2024-03-19",
    "estado": "en proceso"
  },
  {
    "id": "PED1710940606219",
    "fecha_pedido": "2024-03-19",
    "estado": "en proceso"
  },
  {
    "id": "PED1710940614559",
    "fecha_pedido": "2024-03-19",
    "estado": "en proceso"
  },
  {
    "id": "PED1710940698729",
    "fecha_pedido": "2024-03-19",
    "estado": "en proceso"
  },
  {
    "id": "PED1710940919876",
    "fecha_pedido": "2024-03-19",
    "estado": "en proceso"
  },
  {
    "id": "PED1710940940622",
    "fecha_pedido": "2024-03-19",
    "estado": "en proceso"
  }
]