[
    {
        "id": "PRV001",
        "nombre": "Fashion Wholesale Inc.",
        "contacto": {
            "nombre": "Freddy Krueger",
            "telefono": "+123456789",
            "email": "john@example.com"
        },
        "direccion": "123 Main Street, City, Country",
        "terminos_pago": "Neto 30 días"
    },
    {
        "id": "PRV002",
        "nombre": "Garment Suppliers Ltd.",
        "contacto": {
            "nombre": "Mike Smith",
            "telefono": "+987654321",
            "email": "jane@example.com"
        },
        "direccion": "456 Oak Avenue, City, Country",
        "terminos_pago": "Neto 45 días"
    },
    {
        "id": "PRV003",
        "nombre": "Apparel Distributors LLC",
        "contacto": {
            "nombre": "William Afton",
            "telefono": "+1122334455",
            "email": "michael@example.com"
        },
        "direccion": "789 Elm Street, City, Country",
        "terminos_pago": "Neto 60 días"
    },
    {
        "id": "PRV004",
        "nombre": "Athletic Wear Co.",
        "contacto": {
            "nombre": "Mike Myers",
            "telefono": "+9988776655",
            "email": "emily@example.com"
        },
        "direccion": "567 Pine Street, City, Country",
        "terminos_pago": "Neto 60 días"
    },
    {
        "nombre": "Outdoor Gear Supply",
        "contacto": {
            "nombre": "Henry Emily",
            "telefono": "+1122334455",
            "email": "mark@gmail.com"
        },
        "direccion": "678 Oak Street, City, Country",
        "terminos_pago": "Neto 45 días",
        "id": "PRV005"
    }
]