[{"id":1,"tipo":"compra","id_producto":"P001","sucursal":"Cayalá","cantidad":100,"monto":3500,"fecha":"2024-03-01"},{"id":2,"tipo":"venta","id_producto":"P002","sucursal":"Zona 1","cantidad":20,"monto":1799.8,"fecha":"2024-03-05"},{"id":3,"tipo":"transferencia","id_producto":"P003","sucursal_origen":"Centro 21","sucursal_destino":"Roosevelt","cantidad":10,"fecha":"2024-03-10"},{"id":4,"tipo":"ajuste","id_producto":"P004","sucursal":"Cayalá","cantidad":5,"motivo":"Ajuste por daño","fecha":"2024-03-12"},{"id":5,"tipo":"compra","id_producto":"P005","sucursal":"Zona 1","cantidad":10,"monto":799.9,"fecha":"2024-03-15"},{"tipo":"venta","id_producto":"P0001","sucursal":"Centro 21","cantidad":1,"monto":69.99,"fecha":"2024-03-20T05:07:28.599Z"},{"tipo":"venta","id_producto":"P0002","sucursal":"Centro 21","cantidad":1,"monto":89.99,"fecha":"2024-03-20T05:07:34.189Z"},{"tipo":"venta","id_producto":"P0007","sucursal":"Centro 21","cantidad":1,"monto":169.99,"fecha":"2024-03-20T05:13:55.972Z"},{"tipo":"venta","id_producto":"P0008","sucursal":"Centro 21","cantidad":1,"monto":59.99,"fecha":"2024-03-20T05:13:58.665Z"},{"tipo":"venta","id_producto":"P0007","sucursal":"Centro 21","cantidad":1,"monto":169.99,"fecha":"2024-03-20T05:15:19.907Z"},{"tipo":"venta","id_producto":"P0009","sucursal":"Centro 21","cantidad":1,"monto":129.99,"fecha":"2024-03-20T05:15:21.623Z"},{"tipo":"venta","id_producto":"P0010","sucursal":"Centro 21","cantidad":1,"monto":79.99,"fecha":"2024-03-20T05:17:06.910Z"},{"tipo":"venta","id_producto":"P0010","sucursal":"Centro 21","cantidad":1,"monto":79.99,"fecha":"2024-03-20T06:35:13.786Z"},{"tipo":"venta","id_producto":"P0010","sucursal":"Centro 21","cantidad":1,"monto":79.99,"fecha":"2024-03-20T13:07:11.294Z"},{"tipo":"venta","id_producto":"P0009","sucursal":"Centro 21","cantidad":1,"monto":129.99,"fecha":"2024-03-20T13:07:14.126Z"},{"tipo":"venta","id_producto":"P0010","sucursal":"Centro 21","cantidad":1,"monto":79.99,"fecha":"2024-03-20T13:13:09.437Z"},{"tipo":"venta","id_producto":"P0010","sucursal":"Centro 21","cantidad":1,"monto":79.99,"fecha":"2024-03-20T13:16:42.685Z"},{"tipo":"venta","id_producto":"P0010","sucursal":"Centro 21","cantidad":1,"monto":79.99,"fecha":"2024-03-20T13:16:51.470Z"},{"tipo":"venta","id_producto":"P0010","sucursal":"Centro 21","cantidad":1,"monto":79.99,"fecha":"2024-03-20T13:18:08.645Z"},{"tipo":"venta","id_producto":"P0009","sucursal":"Centro 21","cantidad":1,"monto":129.99,"fecha":"2024-03-20T13:18:11.679Z"},{"tipo":"venta","id_producto":"P0003","sucursal":"Centro 21","cantidad":1,"monto":49.99,"fecha":"2024-03-20T13:21:38.379Z"},{"tipo":"venta","id_producto":"P0001","sucursal":"Centro 21","cantidad":1,"monto":69.99,"fecha":"2024-03-20T13:21:42.735Z"},{"tipo":"venta","id_producto":"P0010","sucursal":"Centro 21","cantidad":1,"monto":79.99,"fecha":"2024-03-20T13:21:46.176Z"},{"tipo":"venta","id_producto":"P0010","sucursal":"Centro 21","cantidad":1,"monto":79.99,"fecha":"2024-03-20T13:22:05.382Z"}]