[
    {
        "id": 1,
        "marca": "Toyota",
        "linea": "Corolla",
        "año": 2018,
        "motor": "1.8L",
        "transmision": "Automática",
        "kilometraje": 35000,
        "color": "Gris",
        "precio": 18000,
        "fotos": [
            "https://automercantiltoyota.com/wp-content/uploads/2016/09/0011_corollaLEplata.png",
            "https://pictures.dealer.com/t/toyotacarlsbad/0458/3c2d266de16e93404a3dc8184e25cb0cx.jpg"
        ],
        "tipo": "Compacto"
    },
    {
        "id": 2,
        "marca": "Honda",
        "linea": "Civic",
        "año": 2019,
        "motor": "2.0L",
        "transmision": "CVT",
        "kilometraje": 25000,
        "color": "Negro",
        "precio": 21000,
        "fotos": [
            "civic1.jpg",
            "civic2.jpg"
        ],
        "tipo": "Coupé"
    },
    {
        "id": 3,
        "marca": "Ford",
        "linea": "Fiesta",
        "año": 2017,
        "motor": "1.6L",
        "transmision": "Manual",
        "kilometraje": 60000,
        "color": "Azul",
        "precio": 15000,
        "fotos": [
            "fiesta1.jpg",
            "fiesta2.jpg"
        ],
        "tipo": "Compacto"
    },
    {
        "id": 4,
        "marca": "Chevrolet",
        "linea": "Spark",
        "año": 2016,
        "motor": "1.0L",
        "transmision": "Manual",
        "kilometraje": 55000,
        "color": "Blanco",
        "precio": 10000,
        "fotos": [
            "spark1.jpg",
            "spark2.jpg"
        ],
        "tipo": "Compacto"
    },
    {
        "id": 5,
        "marca": "Volkswagen",
        "linea": "Jetta",
        "año": 2015,
        "motor": "1.4L",
        "transmision": "Automática",
        "kilometraje": 75000,
        "color": "Plata",
        "precio": 16000,
        "fotos": [
            "jetta1.jpg",
            "jetta2.jpg"
        ],
        "tipo": "Familiar"
    },
    {
        "id": 6,
        "marca": "Nissan",
        "linea": "Sentra",
        "año": 2018,
        "motor": "1.8L",
        "transmision": "CVT",
        "kilometraje": 30000,
        "color": "Rojo",
        "precio": 19000,
        "fotos": [
            "sentra1.jpg",
            "sentra2.jpg"
        ],
        "tipo": "Sedán"
    },
    {
        "id": 7,
        "marca": "Hyundai",
        "linea": "Elantra",
        "año": 2019,
        "motor": "2.0L",
        "transmision": "Automática",
        "kilometraje": 20000,
        "color": "Negro",
        "precio": 23000,
        "fotos": [
            "elantra1.jpg",
            "elantra2.jpg"
        ],
        "tipo": "Sedán"
    },
    {
        "id": 8,
        "marca": "Kia",
        "linea": "Rio",
        "año": 2017,
        "motor": "1.6L",
        "transmision": "Manual",
        "kilometraje": 40000,
        "color": "Azul",
        "precio": 17000,
        "fotos": [
            "rio1.jpg",
            "rio2.jpg"
        ],
        "tipo": "Compacto"
    },
    {
        "id": 9,
        "marca": "Toyota",
        "linea": "Yaris",
        "año": 2018,
        "motor": "1.5L",
        "transmision": "CVT",
        "kilometraje": 45000,
        "color": "Blanco",
        "precio": 19000,
        "fotos": [
            "yaris1.jpg",
            "yaris2.jpg"
        ],
        "tipo": "Compacto"
    },
    {
        "id": 10,
        "marca": "Ford",
        "linea": "Focus",
        "año": 2016,
        "motor": "2.0L",
        "transmision": "Automática",
        "kilometraje": 70000,
        "color": "Gris",
        "precio": 15000,
        "fotos": [
            "focus1.jpg",
            "focus2.jpg"
        ],
        "tipo": "Hatchback"
    },
    {
        "id": 11,
        "marca": "Chevrolet",
        "linea": "Cruze",
        "año": 2017,
        "motor": "1.4L",
        "transmision": "CVT",
        "kilometraje": 55000,
        "color": "Rojo",
        "precio": 18000,
        "fotos": [
            "cruze1.jpg",
            "cruze2.jpg"
        ],
        "tipo": "Sedán"
    },
    {
        "id": 12,
        "marca": "Honda",
        "linea": "Fit",
        "año": 2019,
        "motor": "1.5L",
        "transmision": "Automática",
        "kilometraje": 20000,
        "color": "Negro",
        "precio": 19000,
        "fotos": [
            "fit1.jpg",
            "fit2.jpg"
        ],
        "tipo": "Compacto"
    },
    {
        "id": 13,
        "marca": "Nissan",
        "linea": "Versa",
        "año": 2016,
        "motor": "1.6L",
        "transmision": "Manual",
        "kilometraje": 60000,
        "color": "Plata",
        "precio": 14000,
        "fotos": [
            "versa1.jpg",
            "versa2.jpg"
        ],
        "tipo": "Sedán"
    },
    {
        "id": 14,
        "marca": "Volkswagen",
        "linea": "Golf",
        "año": 2018,
        "motor": "1.4L",
        "transmision": "Automática",
        "kilometraje": 30000,
        "color": "Azul",
        "precio": 21000,
        "fotos": [
            "golf1.jpg",
            "golf2.jpg"
        ],
        "tipo": "Hatchback"
    },
    {
        "id": 15,
        "marca": "Hyundai",
        "linea": "Accent",
        "año": 2017,
        "motor": "1.6L",
        "transmision": "Manual",
        "kilometraje": 80000,
        "color": "Blanco",
        "precio": 16000,
        "fotos": [
            "accent1.jpg",
            "accent2.jpg"
        ],
        "tipo": "Compacto"
    },
    {
        "id": 16,
        "marca": "Toyota",
        "linea": "Camry",
        "año": 2016,
        "motor": "2.5L",
        "transmision": "Automática",
        "kilometraje": 90000,
        "color": "Gris",
        "precio": 23000,
        "fotos": [
            "camry1.jpg",
            "camry2.jpg"
        ],
        "tipo": "Sedán"
    },
    {
        "id": 17,
        "marca": "Ford",
        "linea": "Mustang",
        "año": 2019,
        "motor": "5.0L",
        "transmision": "Automática",
        "kilometraje": 20000,
        "color": "Rojo",
        "precio": 30000,
        "fotos": [
            "mustang1.jpg",
            "mustang2.jpg"
        ],
        "tipo": "Coupé"
    },
    {
        "id": 18,
        "marca": "Chevrolet",
        "linea": "Malibu",
        "año": 2017,
        "motor": "2.0L",
        "transmision": "Automática",
        "kilometraje": 70000,
        "color": "Negro",
        "precio": 21000,
        "fotos": [
            "malibu1.jpg",
            "malibu2.jpg"
        ],
        "tipo": "Sedán"
    },
    {
        "id": 19,
        "marca": "Kia",
        "linea": "Sorento",
        "año": 2018,
        "motor": "2.4L",
        "transmision": "Automática",
        "kilometraje": 45000,
        "color": "Blanco",
        "precio": 27000,
        "fotos": [
            "sorento1.jpg",
            "sorento2.jpg"
        ],
        "tipo": "SUV"
    },
    {
        "id": 20,
        "marca": "Hyundai",
        "linea": "Tucson",
        "año": 2019,
        "motor": "2.0L",
        "transmision": "Automática",
        "kilometraje": 30000,
        "color": "Plata",
        "precio": 28000,
        "fotos": [
            "tucson1.jpg",
            "tucson2.jpg"
        ],
        "tipo": "SUV"
    }
]