[{"id":"P0001","nombre":"Camisa Polo Ralph Lauren","descripcion":"Camisa de algodón con el logo de Polo Ralph Lauren bordado en el pecho.","categoria":"Camisas","id_proveedor":"PRV001","ubicacion":"Sección Hombres","costo_unitario":35.5,"precio_venta":69.99,"sucursales":[{"sucursal":"Centro 21","cantidad_disponible":150},{"sucursal":"Roosevelt","cantidad_disponible":25}],"color":"Azul"},{"id":"P0002","nombre":"Jeans Levi's 501 Original Fit","descripcion":"Jeans clásicos de corte recto y ajuste regular.","categoria":"Jeans","id_proveedor":"PRV002","ubicacion":"Sección Hombres","costo_unitario":42.75,"precio_venta":89.99,"sucursales":[{"sucursal":"Zona 1","cantidad_disponible":80},{"sucursal":"Roosevelt","cantidad_disponible":100}],"color":"Azul Oscuro"},{"id":"P0003","nombre":"Vestido Floral Zara","descripcion":"Vestido corto con estampado floral y corte ajustado.","categoria":"Vestidos","id_proveedor":"PRV003","ubicacion":"Sección Mujeres","costo_unitario":25,"precio_venta":49.99,"sucursales":[{"sucursal":"Cayalá","cantidad_disponible":80},{"sucursal":"Centro 21","cantidad_disponible":90},{"sucursal":"Roosevelt","cantidad_disponible":20},{"sucursal":"Américas","cantidad_disponible":100}],"color":"Multicolor"},{"id":"P0004","nombre":"Sudadera Adidas Originals","descripcion":"Sudadera con capucha y el logo clásico de Adidas en el pecho.","categoria":"Sudaderas","id_proveedor":"PRV004","ubicacion":"Sección Deportiva","costo_unitario":30,"precio_venta":59.99,"sucursales":[{"sucursal":"Américas","cantidad_disponible":150},{"sucursal":"Zona 1","cantidad_disponible":140}],"color":"Negro"},{"id":"P0005","nombre":"Pantalón Chino Dockers","descripcion":"Pantalón casual de tela resistente y ajuste cómodo.","categoria":"Pantalones","id_proveedor":"PRV002","ubicacion":"Sección Hombres","costo_unitario":50,"precio_venta":79.99,"sucursales":[{"sucursal":"Centro 21","cantidad_disponible":200},{"sucursal":"Roosevelt","cantidad_disponible":65}],"color":"Beige"},{"id":"P0006","nombre":"Blusa Floral Forever 21","descripcion":"Blusa femenina con estampado floral y manga larga.","categoria":"Blusas","id_proveedor":"PRV001","ubicacion":"Sección Mujeres","costo_unitario":20,"precio_venta":39.99,"sucursales":[{"sucursal":"Zona 1","cantidad_disponible":50},{"sucursal":"Américas","cantidad_disponible":80},{"sucursal":"Centro 21","cantidad_disponible":40}],"color":"Blanco"},{"id":"P0007","nombre":"Chaqueta North Face","descripcion":"Chaqueta impermeable con tecnología DryVent™ y capucha ajustable.","categoria":"Chaquetas","id_proveedor":"PRV005","ubicacion":"Sección Deportiva","costo_unitario":90,"precio_venta":169.99,"sucursales":[{"sucursal":"Zona 1","cantidad_disponible":15},{"sucursal":"Cayalá","cantidad_disponible":36}],"color":"Negro"},{"id":"P0008","nombre":"Falda Midi H&M","descripcion":"Falda midi plisada con estampado a rayas.","categoria":"Faldas","id_proveedor":"PRV003","ubicacion":"Sección Mujeres","costo_unitario":30,"precio_venta":59.99,"sucursales":[{"sucursal":"Cayalá","cantidad_disponible":20},{"sucursal":"Roosevelt","cantidad_disponible":80}],"color":"Multicolor"},{"id":"P0009","nombre":"Sneakers Nike Air Max","descripcion":"Zapatillas deportivas con tecnología Air Max para una mayor amortiguación.","categoria":"Zapatillas","id_proveedor":"PRV004","ubicacion":"Sección Deportiva","costo_unitario":80,"precio_venta":129.99,"sucursales":[{"sucursal":"Américas","cantidad_disponible":110},{"sucursal":"Centro 21","cantidad_disponible":60}],"color":"Negro y Rojo"},{"id":"P0010","nombre":"Suéter Gap","descripcion":"Suéter de punto con cuello redondo y diseño clásico.","categoria":"Suéteres","id_proveedor":"PRV005","ubicacion":"Sección Hombres","costo_unitario":45,"precio_venta":79.99,"sucursales":[{"sucursal":"Miraflores","cantidad_disponible":10},{"sucursal":"Roosevelt","cantidad_disponible":15},{"sucursal":"Cayalá","cantidad_disponible":20},{"sucursal":"Zona 1","cantidad_disponible":30}],"color":"Gris"},{"nombre":"LOLOLOLOLOLO Floral Zara","descripcion":"Vestido corto con estampado floral y corte ajustado.","categoria":"Vestidos","id_proveedor":"PRV003","ubicacion":"Sección Mujeres","costo_unitario":25,"precio_venta":49.99,"sucursales":[{"sucursal":"Cayalá","cantidad_disponible":80},{"sucursal":"Centro 21","cantidad_disponible":90},{"sucursal":"Roosevelt","cantidad_disponible":20},{"sucursal":"Américas","cantidad_disponible":100}],"color":"Multicolor","id":"P0011"},{"nombre":"Prueba de coso","descripcion":"Vestido corto con estampado floral y corte ajustado.","categoria":"Vestidos","id_proveedor":"PRV003","ubicacion":"Sección Mujeres","costo_unitario":25,"precio_venta":49.99,"sucursales":[{"sucursal":"Cayalá","cantidad_disponible":80},{"sucursal":"Centro 21","cantidad_disponible":90},{"sucursal":"Roosevelt","cantidad_disponible":20},{"sucursal":"Américas","cantidad_disponible":100}],"color":"Multicolor","id":"P00111"}]